{
    "image": "8",
    "first_conv": "(8, 8)",
    "last_conv": "(8, 8)",
    "fully_connected": "(1, 8)",
    "shared_act": "8",
    "pooling": "8",
    "inverted_residual": [
        "[(8, 8), (8, 8), (8,)]",
        "[(8, 8), (8, 8), (8,)]",
        "[(8, 8), (8, 8), (8,)]",
        "[(8, 8), (8, 8), (8,)]",
        "[(8, 8), (8, 8), (8,)]",
        "[(8, 8), (8, 8), (8,)]",
        "[(8, 8), (8, 8), (8,)]",
        "[(8, 8), (8, 8), (8,)]",
        "[(8, 8), (8, 8), (8,)]",
        "[(8, 8), (8, 8), (8,)]",
        "[(8, 8), (8, 8), (8,)]",
        "[(8, 8), (8, 8), (8,)]",
        "[(8, 8), (8, 8), (8,)]",
        "[(8, 8), (8, 8), (8,)]",
        "[(8, 8), (8, 8), (8,)]",
        "[(8, 8), (8, 8), (8,)]",
        "[(8, 8), (8, 8), (8,)]"
    ]
}